{"count":1,"self":12.865476,"total":12.8989701,"children":{"AgentResetIfDone":{"count":586,"self":0.0059813,"total":0.0059813,"children":null},"AgentSendState":{"count":586,"self":0.0078776,"total":0.0088389,"children":{"CollectObservations":{"count":59,"self":0.0009613,"total":0.0009613,"children":null}}},"DecideAction":{"count":586,"self":0.0098170999999999987,"total":0.0098170999999999987,"children":null},"AcademyStep":{"count":586,"self":0.0029517,"total":0.0029517,"children":null},"AgentAct":{"count":586,"self":0.0049076,"total":0.0049076,"children":null}}}